,date,time,comp,round,day,venue,result,gf,ga,opponent,xg,xga,poss,attendance,captain,formation,referee,match report,notes,sh,sot,dist,fk,pk,pkatt,season,team
0,2023-08-06,12:00,Championship,Matchweek 1,Sun,Home,W,2.0,1.0,Coventry City,1.5,1.8,65.0,31763.0,Jamie Vardy,4-3-3,Darren Bond,Match Report,,20,7,17.0,1.0,0,0,2023,Leicester City
2,2023-08-12,15:00,Championship,Matchweek 2,Sat,Away,W,1.0,0.0,Huddersfield,1.4,1.2,69.0,19541.0,Ricardo Pereira,4-3-3,David Webb,Match Report,,17,6,20.0,0.0,0,0,2023,Leicester City
3,2023-08-19,15:00,Championship,Matchweek 3,Sat,Home,W,2.0,1.0,Cardiff City,0.7,1.1,65.0,31595.0,Ricardo Pereira,4-3-3,Graham Scott,Match Report,,15,6,18.9,0.0,0,0,2023,Leicester City
4,2023-08-26,15:00,Championship,Matchweek 4,Sat,Away,W,2.0,1.0,Rotherham Utd,1.4,0.6,63.0,11418.0,Ricardo Pereira,4-3-3,Simon Hooper,Match Report,,15,7,16.5,0.0,0,0,2023,Leicester City
6,2023-09-02,15:00,Championship,Matchweek 5,Sat,Home,L,0.0,1.0,Hull City,1.2,0.3,64.0,31318.0,Ricardo Pereira,3-4-3,John Busby,Match Report,,21,1,20.0,1.0,0,0,2023,Leicester City
7,2023-09-15,20:00,Championship,Matchweek 6,Fri,Away,W,4.0,1.0,Southampton,4.1,1.6,45.0,28877.0,Jamie Vardy,4-3-3,Robert Madley,Match Report,,15,8,15.1,0.0,0,0,2023,Leicester City
8,2023-09-20,20:00,Championship,Matchweek 7,Wed,Away,W,2.0,0.0,Norwich City,2.3,0.9,57.0,26277.0,Hamza Choudhury,4-3-3,Graham Scott,Match Report,,9,2,14.5,0.0,1,1,2023,Leicester City
9,2023-09-23,15:00,Championship,Matchweek 8,Sat,Home,W,1.0,0.0,Bristol City,2.3,0.3,69.0,31674.0,Jamie Vardy,4-3-3,James Bell,Match Report,,18,6,15.1,1.0,1,1,2023,Leicester City
11,2023-10-01,12:00,Championship,Matchweek 9,Sun,Away,W,4.0,1.0,Blackburn,1.8,1.4,52.0,15937.0,Jamie Vardy,4-3-3,James Linington,Match Report,,10,3,15.7,0.0,1,1,2023,Leicester City
12,2023-10-04,19:45,Championship,Matchweek 10,Wed,Home,W,3.0,0.0,Preston,1.5,0.4,75.0,30380.0,Jamie Vardy,4-3-3,Thomas Bramall,Match Report,,9,4,14.8,0.0,0,0,2023,Leicester City
13,2023-10-07,15:00,Championship,Matchweek 11,Sat,Home,W,2.0,0.0,Stoke City,2.4,0.2,73.0,31589.0,Ricardo Pereira,4-3-3,Geoff Eltringham,Match Report,,14,6,14.1,0.0,0,0,2023,Leicester City
0,2023-08-06,17:00,Championship,Matchweek 1,Sun,Away,W,2,1,Sunderland,1.2,1.9,34.0,44407.0,Sam Morsy,4-2-3-1,Samuel Barrott,Match Report,,13,4,19.5,1.0,0,0,2023,Ipswich Town
2,2023-08-12,15:00,Championship,Matchweek 2,Sat,Home,W,2,0,Stoke City,2.0,0.6,44.0,29006.0,Sam Morsy,4-2-3-1,Joshua Smith,Match Report,,22,10,19.0,0.0,0,0,2023,Ipswich Town
3,2023-08-19,15:00,Championship,Matchweek 3,Sat,Away,W,1,0,QPR,1.3,0.9,61.0,16790.0,Sam Morsy,4-2-3-1,Geoff Eltringham,Match Report,,17,3,18.4,0.0,0,0,2023,Ipswich Town
4,2023-08-26,15:00,Championship,Matchweek 4,Sat,Home,L,3,4,Leeds United,2.4,1.6,58.0,29606.0,Sam Morsy,4-2-3-1,Robert Madley,Match Report,,23,7,14.6,0.0,0,0,2023,Ipswich Town
6,2023-09-02,15:00,Championship,Matchweek 5,Sat,Home,W,3,2,Cardiff City,2.7,2.1,56.0,28011.0,Sam Morsy,4-2-3-1,Gavin Ward,Match Report,,18,7,16.8,1.0,0,0,2023,Ipswich Town
7,2023-09-16,15:00,Championship,Matchweek 6,Sat,Away,W,1,0,Sheffield Weds,1.8,0.5,52.0,25938.0,Sam Morsy,4-2-3-1,James Linington,Match Report,,13,6,19.2,1.0,0,0,2023,Ipswich Town
8,2023-09-19,19:45,Championship,Matchweek 7,Tue,Away,W,1,0,Southampton,0.7,0.8,42.0,27265.0,Sam Morsy,4-2-3-1,Joshua Smith,Match Report,,11,3,20.9,0.0,0,0,2023,Ipswich Town
9,2023-09-23,15:00,Championship,Matchweek 8,Sat,Home,W,4,3,Blackburn,2.9,0.9,40.0,28792.0,Sam Morsy,4-2-3-1,Keith Stroud,Match Report,,29,11,16.2,1.0,0,0,2023,Ipswich Town
11,2023-09-30,15:00,Championship,Matchweek 9,Sat,Away,D,1,1,Huddersfield,1.3,1.2,60.0,20000.0,Lee Evans,4-2-3-1,Geoff Eltringham,Match Report,,21,6,16.4,0.0,0,0,2023,Ipswich Town
12,2023-10-03,19:45,Championship,Matchweek 10,Tue,Home,W,3,0,Hull City,1.2,0.9,50.0,27070.0,Sam Morsy,4-2-3-1,Matt Donohue,Match Report,,14,6,15.9,0.0,0,0,2023,Ipswich Town
13,2023-10-07,15:00,Championship,Matchweek 11,Sat,Home,W,4,2,Preston,2.4,0.3,55.0,29018.0,Sam Morsy,4-2-3-1,David Webb,Match Report,,16,10,20.0,1.0,0,0,2023,Ipswich Town
0,2023-08-05,15:00,Championship,Matchweek 1,Sat,Away,D,1,1,Bristol City,1.3,0.9,53.0,29359.0,Alan Browne,3-5-1-1,David Webb,Match Report,,11,3,16.4,0.0,0,0,2023,Preston North End
2,2023-08-12,15:00,Championship,Matchweek 2,Sat,Home,W,2,1,Sunderland,0.7,1.6,35.0,19892.0,Alan Browne,3-4-3,James Linington,Match Report,,11,2,19.8,0.0,0,0,2023,Preston North End
3,2023-08-19,15:00,Championship,Matchweek 3,Sat,Away,W,1,0,Sheffield Weds,0.4,0.5,47.0,25138.0,Alan Browne,3-4-3,Jeremy Simpson,Match Report,,5,2,14.7,1.0,0,0,2023,Preston North End
4,2023-08-26,15:00,Championship,Matchweek 4,Sat,Home,W,2,1,Swansea City,0.6,0.3,41.0,14464.0,Alan Browne,3-4-3,Joshua Smith,Match Report,,11,3,20.6,0.0,0,0,2023,Preston North End
5,2023-09-02,15:00,Championship,Matchweek 5,Sat,Away,W,2,0,Stoke City,1.9,1.4,31.0,22957.0,Alan Browne,3-4-3,Matt Donohue,Match Report,,6,2,16.3,0.0,1,1,2023,Preston North End
6,2023-09-16,15:00,Championship,Matchweek 6,Sat,Home,W,2,1,Plymouth Argyle,1.7,1.8,34.0,17542.0,Alan Browne,3-4-3,Gavin Ward,Match Report,,9,5,16.9,0.0,0,0,2023,Preston North End
7,2023-09-19,19:45,Championship,Matchweek 7,Tue,Home,W,2,1,Birmingham City,0.6,1.1,40.0,15838.0,Alan Browne,3-4-3,Dean Whitestone,Match Report,,10,3,17.4,0.0,0,0,2023,Preston North End
8,2023-09-23,15:00,Championship,Matchweek 8,Sat,Away,D,1,1,Rotherham Utd,1.8,0.1,57.0,11434.0,Alan Browne,3-4-3,Samuel Allison,Match Report,,14,5,14.0,0.0,0,0,2023,Preston North End
9,2023-09-30,15:00,Championship,Matchweek 9,Sat,Home,L,0,4,West Brom,0.4,1.5,53.0,16658.0,Alan Browne,3-4-3,Joshua Smith,Match Report,,5,1,19.4,0.0,0,0,2023,Preston North End
10,2023-10-04,19:45,Championship,Matchweek 10,Wed,Away,L,0,3,Leicester City,0.4,1.5,25.0,30380.0,Ben Whiteman,4-4-1-1,Thomas Bramall,Match Report,,6,1,19.3,0.0,0,0,2023,Preston North End
11,2023-10-07,15:00,Championship,Matchweek 11,Sat,Away,L,2,4,Ipswich Town,0.3,2.4,45.0,29018.0,Alan Browne,4-3-2-1,David Webb,Match Report,,8,2,21.0,0.0,0,0,2023,Preston North End
0,2023-08-06,17:00,Championship,Matchweek 1,Sun,Home,L,1,2,Ipswich Town,1.9,1.2,66.0,44407.0,Luke O'Nien,4-2-3-1,Samuel Barrott,Match Report,,20,4,15.5,0.0,0,0,2023,Sunderland
2,2023-08-12,15:00,Championship,Matchweek 2,Sat,Away,L,1,2,Preston,1.6,0.7,65.0,19892.0,Luke O'Nien,4-2-3-1,James Linington,Match Report,,13,3,20.7,0.0,1,1,2023,Sunderland
3,2023-08-19,15:00,Championship,Matchweek 3,Sat,Home,W,2,1,Rotherham Utd,1.4,0.6,67.0,40688.0,Luke O'Nien,4-2-3-1,Gavin Ward,Match Report,,11,4,18.5,0.0,0,0,2023,Sunderland
4,2023-08-26,15:00,Championship,Matchweek 4,Sat,Away,D,0,0,Coventry City,0.7,1.6,48.0,25714.0,Luke O'Nien,4-2-3-1,Keith Stroud,Match Report,,15,2,19.7,0.0,0,0,2023,Sunderland
5,2023-09-02,12:30,Championship,Matchweek 5,Sat,Home,W,5,0,Southampton,1.9,0.8,33.0,41459.0,Luke O'Nien,4-2-3-1,David Coote,Match Report,,18,10,18.4,1.0,0,0,2023,Sunderland
6,2023-09-16,15:00,Championship,Matchweek 6,Sat,Away,W,3,1,QPR,2.8,0.3,71.0,16383.0,Luke O'Nien,4-2-3-1,Dean Whitestone,Match Report,,22,8,15.5,0.0,0,0,2023,Sunderland
7,2023-09-20,19:45,Championship,Matchweek 7,Wed,Away,W,3,1,Blackburn,1.6,2.8,42.0,15621.0,Luke O'Nien,4-1-4-1,John Busby,Match Report,,12,3,17.9,0.0,1,1,2023,Sunderland
8,2023-09-24,15:00,Championship,Matchweek 8,Sun,Home,L,0,1,Cardiff City,1.2,1.7,65.0,41581.0,Luke O'Nien,4-1-4-1,Steve Martin,Match Report,,16,6,18.6,1.0,0,0,2023,Sunderland
9,2023-09-29,20:00,Championship,Matchweek 9,Fri,Away,W,3,0,Sheffield Weds,1.6,0.5,68.0,25987.0,Luke O'Nien,4-1-4-1,Samuel Barrott,Match Report,,11,5,27.2,2.0,1,1,2023,Sunderland
10,2023-10-04,19:45,Championship,Matchweek 10,Wed,Home,W,2,0,Watford,1.2,0.4,58.0,38120.0,Luke O'Nien,4-1-4-1,Andrew Davies,Match Report,,9,3,16.7,1.0,0,0,2023,Sunderland
11,2023-10-07,12:30,Championship,Matchweek 11,Sat,Home,L,0,4,Middlesbrough,0.5,2.4,48.0,43584.0,Luke O'Nien,4-4-2,Jarred Gillett,Match Report,,9,3,21.0,1.0,0,0,2023,Sunderland
0,2023-08-06,14:30,Championship,Matchweek 1,Sun,Home,D,2,2,Cardiff City,1.7,1.2,71.0,36368.0,Liam Cooper,4-2-3-1,Joshua Smith,Match Report,,25,6,15.4,1.0,0,0,2023,Leeds United
2,2023-08-12,15:00,Championship,Matchweek 2,Sat,Away,L,0,1,Birmingham City,0.4,1.6,59.0,20451.0,Luke Ayling,4-2-3-1,Tim Robinson,Match Report,,7,1,13.9,0.0,0,0,2023,Leeds United
3,2023-08-18,20:00,Championship,Matchweek 3,Fri,Home,D,1,1,West Brom,1.8,0.3,58.0,33890.0,Luke Ayling,4-2-3-1,Matt Donohue,Match Report,,16,4,14.7,1.0,0,0,2023,Leeds United
4,2023-08-26,15:00,Championship,Matchweek 4,Sat,Away,W,4,3,Ipswich Town,1.6,2.4,42.0,29606.0,Luke Ayling,4-4-2,Robert Madley,Match Report,,14,9,14.7,0.0,0,0,2023,Leeds United
6,2023-09-02,15:00,Championship,Matchweek 5,Sat,Home,D,0,0,Sheffield Weds,1.2,0.9,66.0,36484.0,Luke Ayling,4-2-3-1,Dean Whitestone,Match Report,,15,3,19.1,1.0,0,0,2023,Leeds United
7,2023-09-17,12:00,Championship,Matchweek 6,Sun,Away,W,3,0,Millwall,2.3,0.4,52.0,17909.0,Luke Ayling,4-2-3-1,Chris Kavanagh,Match Report,,14,3,14.7,1.0,0,0,2023,Leeds United
8,2023-09-20,19:45,Championship,Matchweek 7,Wed,Away,D,0,0,Hull City,1.5,1.3,43.0,24221.0,Luke Ayling,4-4-2,Stephen Martin,Match Report,,17,4,17.8,0.0,0,0,2023,Leeds United
9,2023-09-23,15:00,Championship,Matchweek 8,Sat,Home,W,3,0,Watford,2.6,0.2,59.0,36236.0,Liam Cooper,4-2-3-1,Jeremy Simpson,Match Report,,17,10,18.1,1.0,0,0,2023,Leeds United
10,2023-09-30,12:30,Championship,Matchweek 9,Sat,Away,L,1,3,Southampton,0.9,1.5,53.0,30372.0,Liam Cooper,4-2-3-1,John Brooks,Match Report,,15,5,15.7,0.0,0,0,2023,Leeds United
11,2023-10-04,19:45,Championship,Matchweek 10,Wed,Home,W,1,0,QPR,2.0,0.3,65.0,32663.0,Luke Ayling,4-2-3-1,David Webb,Match Report,,16,3,15.9,1.0,0,0,2023,Leeds United
12,2023-10-07,15:00,Championship,Matchweek 11,Sat,Home,W,2,1,Bristol City,2.5,0.5,51.0,36386.0,Pascal Struijk,4-2-3-1,Keith Stroud,Match Report,,21,8,15.9,0.0,0,0,2023,Leeds United
0,2023-08-05,15:00,Championship,Matchweek 1,Sat,Away,D,1.0,1.0,Swansea City,0.8,1.3,41.0,18051.0,Dion Sanderson,4-2-3-1,James Linington,Match Report,,11,5,19.1,0.0,0,0,2023,Birmingham City
2,2023-08-12,15:00,Championship,Matchweek 2,Sat,Home,W,1.0,0.0,Leeds United,1.6,0.4,41.0,20451.0,Dion Sanderson,4-2-3-1,Tim Robinson,Match Report,,9,1,17.5,0.0,1,1,2023,Birmingham City
3,2023-08-19,15:00,Championship,Matchweek 3,Sat,Away,W,2.0,0.0,Bristol City,1.3,0.8,36.0,22397.0,Dion Sanderson,4-2-3-1,Samuel Barrott,Match Report,,16,5,16.4,0.0,0,0,2023,Birmingham City
4,2023-08-26,15:00,Championship,Matchweek 4,Sat,Home,W,2.0,1.0,Plymouth Argyle,2.2,1.6,37.0,20685.0,Dion Sanderson,4-2-3-1,John Busby,Match Report,,13,4,14.6,0.0,0,0,2023,Birmingham City
6,2023-09-02,12:30,Championship,Matchweek 5,Sat,Home,D,1.0,1.0,Millwall,1.7,0.5,56.0,18710.0,Dion Sanderson,4-4-2,Joshua Smith,Match Report,,15,3,16.6,0.0,0,1,2023,Birmingham City
7,2023-09-16,15:00,Championship,Matchweek 6,Sat,Away,L,0.0,2.0,Watford,0.8,0.4,32.0,18932.0,Dion Sanderson,4-2-3-1,Keith Stroud,Match Report,,8,3,19.7,0.0,0,0,2023,Birmingham City
8,2023-09-19,19:45,Championship,Matchweek 7,Tue,Away,L,1.0,2.0,Preston,1.1,0.6,60.0,15838.0,Dion Sanderson,4-2-3-1,Dean Whitestone,Match Report,,16,4,19.8,1.0,0,0,2023,Birmingham City
9,2023-09-22,20:00,Championship,Matchweek 8,Fri,Home,D,0.0,0.0,QPR,1.1,1.0,54.0,19803.0,Dion Sanderson,4-2-3-1,Matt Donohue,Match Report,,12,4,15.0,0.0,0,0,2023,Birmingham City
10,2023-09-30,15:00,Championship,Matchweek 9,Sat,Away,L,0.0,2.0,Norwich City,1.1,1.3,43.0,26231.0,Dion Sanderson,4-2-3-1,Gavin Ward,Match Report,,12,2,18.9,0.0,0,0,2023,Birmingham City
11,2023-10-03,19:45,Championship,Matchweek 10,Tue,Home,W,4.0,1.0,Huddersfield,1.7,2.1,57.0,15944.0,Dion Sanderson,4-2-3-1,Samuel Allison,Match Report,,12,5,17.0,0.0,0,0,2023,Birmingham City
12,2023-10-06,20:00,Championship,Matchweek 11,Fri,Home,W,3.0,1.0,West Brom,1.5,1.2,41.0,21495.0,Dion Sanderson,4-2-3-1,James Linington,Match Report,,10,2,21.8,1.0,1,1,2023,Birmingham City
0,2023-08-05,15:00,Championship,Matchweek 1,Sat,Home,W,2.0,1.0,Hull City,2.6,0.4,58.0,25892.0,Kenny McLean,4-1-2-1-2◆,Keith Stroud,Match Report,,28,4,14.4,0.0,0,0,2023,Norwich City
1,2023-08-12,15:00,Championship,Matchweek 2,Sat,Away,D,4.0,4.0,Southampton,2.0,3.7,31.0,30113.0,Kenny McLean,4-3-1-2,Darren England,Match Report,,15,6,15.4,1.0,0,0,2023,Norwich City
3,2023-08-20,12:00,Championship,Matchweek 3,Sun,Home,W,3.0,1.0,Millwall,1.7,0.5,55.0,26218.0,Kenny McLean,4-2-3-1,Tony Harrington,Match Report,,20,5,16.7,1.0,0,0,2023,Norwich City
4,2023-08-26,15:00,Championship,Matchweek 4,Sat,Away,W,4.0,0.0,Huddersfield,2.5,1.0,56.0,18708.0,Kenny McLean,4-2-3-1,Dean Whitestone,Match Report,,8,4,15.4,0.0,1,1,2023,Norwich City
6,2023-09-02,15:00,Championship,Matchweek 5,Sat,Away,L,1.0,2.0,Rotherham Utd,1.5,0.6,62.0,11016.0,Kenny McLean,4-2-3-1,Samuel Barrott,Match Report,,17,5,16.3,0.0,0,0,2023,Norwich City
7,2023-09-16,15:00,Championship,Matchweek 6,Sat,Home,W,1.0,0.0,Stoke City,1.2,1.2,45.0,25816.0,Kenny McLean,4-2-3-1,Oliver Langford,Match Report,,13,5,15.5,0.0,0,0,2023,Norwich City
8,2023-09-20,20:00,Championship,Matchweek 7,Wed,Home,L,0.0,2.0,Leicester City,0.9,2.3,43.0,26277.0,Kenny McLean,4-2-3-1,Graham Scott,Match Report,,15,2,17.7,1.0,0,0,2023,Norwich City
9,2023-09-23,15:00,Championship,Matchweek 8,Sat,Away,L,2.0,6.0,Plymouth Argyle,1.9,3.2,69.0,16469.0,Kenny McLean,4-2-3-1,Andrew Kitchen,Match Report,,10,5,19.9,0.0,1,1,2023,Norwich City
11,2023-09-30,15:00,Championship,Matchweek 9,Sat,Home,W,2.0,0.0,Birmingham City,1.3,1.1,57.0,26231.0,Kenny McLean,4-2-3-1,Gavin Ward,Match Report,,16,4,17.8,0.0,0,0,2023,Norwich City
12,2023-10-04,19:45,Championship,Matchweek 10,Wed,Away,L,1.0,2.0,Swansea City,1.6,2.5,45.0,14512.0,Kenny McLean,4-2-3-1,Tom Nield,Match Report,,14,5,13.0,0.0,0,0,2023,Norwich City
13,2023-10-07,15:00,Championship,Matchweek 11,Sat,Away,D,1.0,1.0,Coventry City,0.6,1.7,43.0,26548.0,Kenny McLean,4-2-3-1,Dean Whitestone,Match Report,,6,2,20.6,0.0,0,0,2023,Norwich City
0,2023-08-06,14:30,Championship,Matchweek 1,Sun,Away,D,2,2,Leeds United,1.2,1.7,29.0,36368.0,Joe Ralls,3-4-3,Joshua Smith,Match Report,,7,2,14.6,0.0,0,0,2023,Cardiff City
2,2023-08-12,15:00,Championship,Matchweek 2,Sat,Home,L,1,2,QPR,2.0,1.3,64.0,21230.0,Aaron Ramsey,4-2-3-1,Oliver Langford,Match Report,,14,3,14.3,0.0,0,0,2023,Cardiff City
3,2023-08-19,15:00,Championship,Matchweek 3,Sat,Away,L,1,2,Leicester City,1.1,0.7,35.0,31595.0,Joe Ralls,4-2-3-1,Graham Scott,Match Report,,10,4,19.6,0.0,0,0,2023,Cardiff City
4,2023-08-26,15:00,Championship,Matchweek 4,Sat,Home,W,2,1,Sheffield Weds,1.9,0.8,58.0,21058.0,Joe Ralls,4-2-3-1,Darren Bond,Match Report,,11,3,18.8,0.0,1,1,2023,Cardiff City
6,2023-09-02,15:00,Championship,Matchweek 5,Sat,Away,L,2,3,Ipswich Town,2.1,2.7,44.0,28011.0,Joe Ralls,4-2-3-1,Gavin Ward,Match Report,,13,6,12.4,0.0,0,0,2023,Cardiff City
7,2023-09-16,19:45,Championship,Matchweek 6,Sat,Home,W,2,0,Swansea City,1.5,0.6,49.0,28648.0,Aaron Ramsey,4-2-3-1,Samuel Barrott,Match Report,,12,5,21.3,0.0,1,1,2023,Cardiff City
8,2023-09-19,19:45,Championship,Matchweek 7,Tue,Home,W,3,2,Coventry City,0.6,0.9,36.0,18297.0,Joe Ralls,4-3-3,Samuel Allison,Match Report,,8,3,17.7,0.0,0,0,2023,Cardiff City
9,2023-09-24,15:00,Championship,Matchweek 8,Sun,Away,W,1,0,Sunderland,1.7,1.2,35.0,41581.0,Joe Ralls,4-3-3,Steve Martin,Match Report,,7,2,16.7,0.0,0,0,2023,Cardiff City
11,2023-09-30,15:00,Championship,Matchweek 9,Sat,Home,W,2,0,Rotherham Utd,1.2,0.6,67.0,20136.0,Joe Ralls,4-3-3,Leigh Doughty,Match Report,,12,5,16.0,0.0,0,0,2023,Cardiff City
12,2023-10-03,19:45,Championship,Matchweek 10,Tue,Away,L,0,2,Middlesbrough,0.6,2.2,39.0,24276.0,Joe Ralls,4-3-3,Andy Madley,Match Report,,6,3,14.8,0.0,0,0,2023,Cardiff City
13,2023-10-07,15:00,Championship,Matchweek 11,Sat,Home,D,1,1,Watford,0.7,2.0,44.0,19804.0,Joe Ralls,4-3-3,Gavin Ward,Match Report,,8,2,15.7,0.0,0,0,2023,Cardiff City
0,2023-08-05,15:00,Championship,Matchweek 1,Sat,Away,L,1.0,2.0,Norwich City,0.4,2.6,42.0,25892.0,Lewie Coyle,4-4-2,Keith Stroud,Match Report,,9,3,20.0,0.0,0,0,2023,Hull City
2,2023-08-12,15:00,Championship,Matchweek 2,Sat,Home,W,4.0,2.0,Sheffield Weds,2.0,0.5,72.0,20410.0,Lewie Coyle,4-2-3-1,Matt Donohue,Match Report,,14,6,23.0,2.0,1,1,2023,Hull City
3,2023-08-19,15:00,Championship,Matchweek 3,Sat,Away,W,2.0,1.0,Blackburn,2.1,1.6,58.0,13943.0,Lewie Coyle,4-2-3-1,Oliver Langford,Match Report,,19,5,16.8,2.0,0,0,2023,Hull City
4,2023-08-25,19:30,Championship,Matchweek 4,Fri,Home,D,1.0,1.0,Bristol City,1.5,3.6,61.0,19491.0,Lewie Coyle,4-2-3-1,James Linington,Match Report,,13,9,19.7,1.0,0,0,2023,Hull City
5,2023-09-02,15:00,Championship,Matchweek 5,Sat,Away,W,1.0,0.0,Leicester City,0.3,1.2,36.0,31318.0,Lewie Coyle,4-2-3-1,John Busby,Match Report,,7,4,20.4,0.0,0,0,2023,Hull City
6,2023-09-15,19:45,Championship,Matchweek 6,Fri,Home,D,1.0,1.0,Coventry City,1.5,0.6,58.0,21888.0,Lewie Coyle,4-2-3-1,Tony Harrington,Match Report,,18,4,20.9,3.0,0,0,2023,Hull City
7,2023-09-20,19:45,Championship,Matchweek 7,Wed,Home,D,0.0,0.0,Leeds United,1.3,1.5,57.0,24221.0,Lewie Coyle,4-4-2,Stephen Martin,Match Report,,9,0,19.6,0.0,0,0,2023,Hull City
8,2023-09-24,12:00,Championship,Matchweek 8,Sun,Away,W,3.0,1.0,Stoke City,1.3,0.6,50.0,21142.0,Jacob Greaves,4-4-1-1,Thomas Bramall,Match Report,,13,4,16.8,0.0,0,0,2023,Hull City
9,2023-09-30,15:00,Championship,Matchweek 9,Sat,Home,D,1.0,1.0,Plymouth Argyle,1.7,0.8,66.0,20312.0,Jean Seri,4-2-3-1,David Webb,Match Report,,21,5,18.6,0.0,0,0,2023,Hull City
10,2023-10-03,19:45,Championship,Matchweek 10,Tue,Away,L,0.0,3.0,Ipswich Town,0.9,1.2,50.0,27070.0,Lewie Coyle,4-2-3-1,Matt Donohue,Match Report,,13,6,20.9,2.0,0,0,2023,Hull City
11,2023-10-07,15:00,Championship,Matchweek 11,Sat,Away,D,2.0,2.0,Millwall,1.1,1.2,53.0,15204.0,Jacob Greaves,3-4-3,Tim Robinson,Match Report,,8,3,20.9,2.0,0,0,2023,Hull City
0,2023-08-04,20:00,Championship,Matchweek 1,Fri,Away,W,2.0,1.0,Sheffield Weds,1.4,0.5,80.0,28558.0,James Ward-Prowse,4-3-3,Robert Madley,Match Report,,23,6,18.2,2.0,0,0,2023,Southampton
2,2023-08-12,15:00,Championship,Matchweek 2,Sat,Home,D,4.0,4.0,Norwich City,3.7,2.0,69.0,30113.0,Jack Stephens,4-3-3,Darren England,Match Report,,29,8,18.2,1.0,2,2,2023,Southampton
3,2023-08-19,12:30,Championship,Matchweek 3,Sat,Away,W,2.0,1.0,Plymouth Argyle,2.0,1.4,62.0,16392.0,Jack Stephens,4-3-3,David Webb,Match Report,,19,9,16.1,2.0,0,0,2023,Southampton
4,2023-08-26,15:00,Championship,Matchweek 4,Sat,Home,W,2.0,1.0,QPR,0.4,0.6,73.0,30401.0,Jack Stephens,4-3-3,James Bell,Match Report,,7,3,19.7,0.0,0,0,2023,Southampton
5,2023-09-02,12:30,Championship,Matchweek 5,Sat,Away,L,0.0,5.0,Sunderland,0.8,1.9,67.0,41459.0,Adam Armstrong,4-3-3,David Coote,Match Report,,13,2,19.0,1.0,0,0,2023,Southampton
6,2023-09-15,20:00,Championship,Matchweek 6,Fri,Home,L,1.0,4.0,Leicester City,1.6,4.1,55.0,28877.0,Adam Armstrong,4-4-2,Robert Madley,Match Report,,19,8,19.4,1.0,0,0,2023,Southampton
7,2023-09-19,19:45,Championship,Matchweek 7,Tue,Home,L,0.0,1.0,Ipswich Town,0.8,0.7,58.0,27265.0,Adam Armstrong,4-3-3,Joshua Smith,Match Report,,13,3,17.4,0.0,0,0,2023,Southampton
8,2023-09-23,15:00,Championship,Matchweek 8,Sat,Away,L,1.0,2.0,Middlesbrough,1.4,3.0,49.0,26141.0,Adam Armstrong,4-3-3,Tim Robinson,Match Report,,15,5,22.0,0.0,0,0,2023,Southampton
9,2023-09-30,12:30,Championship,Matchweek 9,Sat,Home,W,3.0,1.0,Leeds United,1.5,0.9,47.0,30372.0,Adam Armstrong,4-3-3,John Brooks,Match Report,,10,5,13.4,0.0,0,0,2023,Southampton
10,2023-10-03,20:00,Championship,Matchweek 10,Tue,Away,W,1.0,0.0,Stoke City,0.9,0.7,57.0,20002.0,Adam Armstrong,4-3-3,James Bell,Match Report,,9,4,16.1,1.0,0,0,2023,Southampton
11,2023-10-07,15:00,Championship,Matchweek 11,Sat,Home,D,1.0,1.0,Rotherham Utd,3.1,0.1,80.0,28404.0,Adam Armstrong,4-3-3,John Busby,Match Report,,22,8,14.1,0.0,0,0,2023,Southampton
0,2023-08-05,15:00,Championship,Matchweek 1,Sat,Away,L,1.0,2.0,Blackburn,0.8,1.6,42.0,16741.0,Jed Wallace,4-2-3-1,Dean Whitestone,Match Report,,14,4,17.9,1.0,0,0,2023,West Bromwich Albion
2,2023-08-12,15:00,Championship,Matchweek 2,Sat,Home,W,3.0,2.0,Swansea City,1.9,2.1,43.0,,Jed Wallace,3-4-3,Samuel Barrott,Match Report,,10,2,15.7,1.0,1,1,2023,West Bromwich Albion
3,2023-08-18,20:00,Championship,Matchweek 3,Fri,Away,D,1.0,1.0,Leeds United,0.3,1.8,42.0,33890.0,Jed Wallace,3-4-3,Matt Donohue,Match Report,,4,2,14.8,0.0,0,0,2023,West Bromwich Albion
4,2023-08-26,15:00,Championship,Matchweek 4,Sat,Home,W,4.0,2.0,Middlesbrough,0.6,1.8,58.0,23691.0,Jed Wallace,3-4-3,Jeremy Simpson,Match Report,,7,4,16.9,0.0,0,0,2023,West Bromwich Albion
5,2023-09-02,15:00,Championship,Matchweek 5,Sat,Home,L,1.0,2.0,Huddersfield,1.1,0.9,62.0,23094.0,Jed Wallace,4-2-3-1,James Linington,Match Report,,10,5,16.8,0.0,0,0,2023,West Bromwich Albion
6,2023-09-16,15:00,Championship,Matchweek 6,Sat,Away,D,0.0,0.0,Bristol City,0.7,0.8,54.0,21836.0,Jed Wallace,3-4-3,Anthony Backhouse,Match Report,,14,0,20.3,0.0,0,0,2023,West Bromwich Albion
7,2023-09-20,19:45,Championship,Matchweek 7,Wed,Away,D,2.0,2.0,Watford,0.6,0.9,37.0,16742.0,Jed Wallace,3-5-2,Leigh Doughty,Match Report,,7,5,17.4,1.0,0,0,2023,West Bromwich Albion
8,2023-09-23,15:00,Championship,Matchweek 8,Sat,Home,D,0.0,0.0,Millwall,1.4,1.0,62.0,22325.0,Conor Townsend,3-4-3,Tom Nield,Match Report,,16,3,16.1,1.0,0,0,2023,West Bromwich Albion
9,2023-09-30,15:00,Championship,Matchweek 9,Sat,Away,W,4.0,0.0,Preston,1.5,0.4,47.0,16658.0,Jed Wallace,3-4-3,Joshua Smith,Match Report,,19,6,17.5,0.0,0,0,2023,West Bromwich Albion
10,2023-10-03,20:00,Championship,Matchweek 10,Tue,Home,W,1.0,0.0,Sheffield Weds,1.2,0.2,72.0,22558.0,Jed Wallace,3-4-3,John Busby,Match Report,,17,3,15.9,0.0,0,0,2023,West Bromwich Albion
11,2023-10-06,20:00,Championship,Matchweek 11,Fri,Away,L,1.0,3.0,Birmingham City,1.2,1.5,59.0,21495.0,Jed Wallace,3-4-3,James Linington,Match Report,,10,3,16.2,1.0,0,0,2023,West Bromwich Albion
0,2023-08-05,15:00,Championship,Matchweek 1,Sat,Home,D,1.0,1.0,Birmingham City,1.3,0.8,59.0,18051.0,Matt Grimes,5-3-2,James Linington,Match Report,,11,5,16.9,1.0,0,0,2023,Swansea City
2,2023-08-12,15:00,Championship,Matchweek 2,Sat,Away,L,2.0,3.0,West Brom,2.1,1.9,57.0,,Matt Grimes,3-5-2,Samuel Barrott,Match Report,,13,3,8.4,0.0,0,0,2023,Swansea City
3,2023-08-19,15:00,Championship,Matchweek 3,Sat,Home,D,1.0,1.0,Coventry City,0.7,0.9,39.0,16736.0,Matt Grimes,3-5-2,Robert Madley,Match Report,,7,3,15.8,0.0,0,0,2023,Swansea City
4,2023-08-26,15:00,Championship,Matchweek 4,Sat,Away,L,1.0,2.0,Preston,0.3,0.6,59.0,14464.0,Matt Grimes,3-5-2,Joshua Smith,Match Report,,10,1,21.7,0.0,0,0,2023,Swansea City
6,2023-09-02,12:30,Championship,Matchweek 5,Sat,Home,L,1.0,2.0,Bristol City,1.4,2.3,60.0,16676.0,Matt Grimes,3-4-3,Oliver Langford,Match Report,,12,4,15.5,0.0,0,0,2023,Swansea City
7,2023-09-16,19:45,Championship,Matchweek 6,Sat,Away,L,0.0,2.0,Cardiff City,0.6,1.5,51.0,28648.0,Matt Grimes,3-1-4-2,Samuel Barrott,Match Report,,9,3,20.4,0.0,0,0,2023,Swansea City
8,2023-09-19,19:45,Championship,Matchweek 7,Tue,Away,D,1.0,1.0,QPR,0.6,1.0,50.0,13367.0,Matt Grimes,3-1-4-2,Andrew Kitchen,Match Report,,8,3,20.9,0.0,0,0,2023,Swansea City
9,2023-09-23,15:00,Championship,Matchweek 8,Sat,Home,W,3.0,0.0,Sheffield Weds,2.0,0.7,57.0,16865.0,Matt Grimes,4-2-3-1,Anthony Backhouse,Match Report,,11,3,18.8,0.0,1,1,2023,Swansea City
10,2023-09-30,15:00,Championship,Matchweek 9,Sat,Away,W,3.0,0.0,Millwall,1.2,1.5,50.0,14803.0,Matt Grimes,3-1-4-2,John Busby,Match Report,,6,4,18.5,0.0,1,1,2023,Swansea City
11,2023-10-04,19:45,Championship,Matchweek 10,Wed,Home,W,2.0,1.0,Norwich City,2.5,1.6,55.0,14512.0,Matt Grimes,3-1-4-2,Tom Nield,Match Report,,23,6,14.3,0.0,0,0,2023,Swansea City
12,2023-10-07,15:00,Championship,Matchweek 11,Sat,Away,W,3.0,1.0,Plymouth Argyle,2.1,1.3,51.0,16463.0,Matt Grimes,4-2-3-1,Lewis Smith,Match Report,,14,6,15.0,0.0,0,0,2023,Swansea City
0,2023-08-06,12:00,Championship,Matchweek 1,Sun,Away,L,1.0,2.0,Leicester City,1.8,1.5,35.0,31763.0,Kyle McFadzean,3-4-1-2,Darren Bond,Match Report,,20,6,19.0,1.0,0,0,2023,Coventry City
2,2023-08-12,12:30,Championship,Matchweek 2,Sat,Home,W,3.0,0.0,Middlesbrough,0.9,1.3,50.0,24080.0,Kyle McFadzean,3-4-1-2,Dean Whitestone,Match Report,,12,5,18.7,0.0,0,0,2023,Coventry City
3,2023-08-19,15:00,Championship,Matchweek 3,Sat,Away,D,1.0,1.0,Swansea City,0.9,0.7,61.0,16736.0,Kyle McFadzean,3-4-1-2,Robert Madley,Match Report,,11,2,14.9,0.0,0,0,2023,Coventry City
4,2023-08-26,15:00,Championship,Matchweek 4,Sat,Home,D,0.0,0.0,Sunderland,1.6,0.7,52.0,25714.0,Kyle McFadzean,3-4-1-2,Keith Stroud,Match Report,,17,6,20.7,1.0,0,0,2023,Coventry City
5,2023-09-02,15:00,Championship,Matchweek 5,Sat,Home,D,3.0,3.0,Watford,2.2,1.4,54.0,24539.0,Kyle McFadzean,3-4-1-2,David Webb,Match Report,,15,5,20.7,1.0,0,1,2023,Coventry City
6,2023-09-15,19:45,Championship,Matchweek 6,Fri,Away,D,1.0,1.0,Hull City,0.6,1.5,42.0,21888.0,Liam Kelly,3-4-1-2,Tony Harrington,Match Report,,8,2,19.9,0.0,0,0,2023,Coventry City
7,2023-09-19,19:45,Championship,Matchweek 7,Tue,Away,L,2.0,3.0,Cardiff City,0.9,0.6,64.0,18297.0,Liam Kelly,3-4-1-2,Samuel Allison,Match Report,,7,3,13.9,0.0,0,0,2023,Coventry City
8,2023-09-25,20:00,Championship,Matchweek 8,Mon,Home,D,1.0,1.0,Huddersfield,2.0,0.7,59.0,22257.0,Liam Kelly,3-4-1-2,Oliver Langford,Match Report,,11,3,15.2,0.0,0,0,2023,Coventry City
9,2023-09-30,15:00,Championship,Matchweek 9,Sat,Away,W,3.0,1.0,QPR,1.5,1.0,48.0,16293.0,Liam Kelly,3-4-1-2,Tom Nield,Match Report,,15,6,13.6,0.0,0,0,2023,Coventry City
10,2023-10-04,19:45,Championship,Matchweek 10,Wed,Home,W,1.0,0.0,Blackburn,1.2,0.7,34.0,22370.0,Liam Kelly,3-4-1-2,Jeremy Simpson,Match Report,,14,3,18.4,0.0,0,0,2023,Coventry City
11,2023-10-07,15:00,Championship,Matchweek 11,Sat,Home,D,1.0,1.0,Norwich City,1.7,0.6,57.0,26548.0,Kyle McFadzean,3-4-1-2,Dean Whitestone,Match Report,,21,2,18.6,0.0,0,0,2023,Coventry City
0,2023-08-05,15:00,Championship,Matchweek 1,Sat,Home,D,1.0,1.0,Preston,0.9,1.3,47.0,29359.0,Andreas Weimann,4-3-3,David Webb,Match Report,,5,2,11.4,0.0,0,0,2023,Bristol City
2,2023-08-12,15:00,Championship,Matchweek 2,Sat,Away,W,1.0,0.0,Millwall,0.9,0.5,55.0,18905.0,Matty James,4-3-3,Keith Stroud,Match Report,,14,1,16.0,0.0,0,0,2023,Bristol City
3,2023-08-19,15:00,Championship,Matchweek 3,Sat,Home,L,0.0,2.0,Birmingham City,0.8,1.3,64.0,22397.0,Matty James,4-2-3-1,Samuel Barrott,Match Report,,9,0,19.0,1.0,0,0,2023,Bristol City
4,2023-08-25,19:30,Championship,Matchweek 4,Fri,Away,D,1.0,1.0,Hull City,3.6,1.5,39.0,19491.0,Matty James,4-3-3,James Linington,Match Report,,19,4,13.6,0.0,0,0,2023,Bristol City
6,2023-09-02,12:30,Championship,Matchweek 5,Sat,Away,W,2.0,1.0,Swansea City,2.3,1.4,40.0,16676.0,Matty James,4-3-3,Oliver Langford,Match Report,,16,3,13.8,0.0,0,0,2023,Bristol City
7,2023-09-16,15:00,Championship,Matchweek 6,Sat,Home,D,0.0,0.0,West Brom,0.8,0.7,46.0,21836.0,Matty James,4-2-3-1,Anthony Backhouse,Match Report,,14,3,18.2,0.0,0,0,2023,Bristol City
8,2023-09-19,19:45,Championship,Matchweek 7,Tue,Home,W,4.0,1.0,Plymouth Argyle,1.6,0.6,44.0,23017.0,Matty James,4-2-3-1,Matt Donohue,Match Report,,17,6,15.7,0.0,0,0,2023,Bristol City
9,2023-09-23,15:00,Championship,Matchweek 8,Sat,Away,L,0.0,1.0,Leicester City,0.3,2.3,31.0,31674.0,Matty James,4-2-3-1,James Bell,Match Report,,6,1,17.4,1.0,0,0,2023,Bristol City
10,2023-09-30,15:00,Championship,Matchweek 9,Sat,Home,L,2.0,3.0,Stoke City,1.3,1.0,53.0,21117.0,Matty James,4-3-3,Jeremy Simpson,Match Report,,13,5,19.2,0.0,0,0,2023,Bristol City
11,2023-10-04,20:00,Championship,Matchweek 10,Wed,Away,W,2.0,1.0,Rotherham Utd,1.1,1.3,58.0,9221.0,Matty James,4-3-3,Dean Whitestone,Match Report,,9,5,15.4,0.0,0,0,2023,Bristol City
12,2023-10-07,15:00,Championship,Matchweek 11,Sat,Away,L,1.0,2.0,Leeds United,0.5,2.5,49.0,36386.0,Matty James,4-3-3,Keith Stroud,Match Report,,9,1,15.9,0.0,0,0,2023,Bristol City
0,2023-08-05,15:00,Championship,Matchweek 1,Sat,Away,W,1.0,0.0,Middlesbrough,1.2,0.8,32.0,29359.0,Shaun Hutchinson,3-4-3,Gavin Ward,Match Report,,12,2,15.7,0.0,0,0,2023,Millwall
2,2023-08-12,15:00,Championship,Matchweek 2,Sat,Home,L,0.0,1.0,Bristol City,0.5,0.9,45.0,18905.0,Shaun Hutchinson,3-4-3,Keith Stroud,Match Report,,10,2,19.7,1.0,0,0,2023,Millwall
3,2023-08-20,12:00,Championship,Matchweek 3,Sun,Away,L,1.0,3.0,Norwich City,0.5,1.7,45.0,26218.0,Shaun Hutchinson,4-2-3-1,Tony Harrington,Match Report,,10,2,22.4,1.0,0,0,2023,Millwall
4,2023-08-26,15:00,Championship,Matchweek 4,Sat,Home,W,1.0,0.0,Stoke City,1.0,1.6,34.0,15254.0,Shaun Hutchinson,3-4-1-2,David Webb,Match Report,,17,5,18.0,2.0,0,0,2023,Millwall
5,2023-09-02,12:30,Championship,Matchweek 5,Sat,Away,D,1.0,1.0,Birmingham City,0.5,1.7,44.0,18710.0,Shaun Hutchinson,3-4-3,Joshua Smith,Match Report,,9,3,20.2,1.0,0,0,2023,Millwall
6,2023-09-17,12:00,Championship,Matchweek 6,Sun,Home,L,0.0,3.0,Leeds United,0.4,2.3,48.0,17909.0,Jake Cooper,3-1-4-2,Chris Kavanagh,Match Report,,12,3,22.4,0.0,0,0,2023,Millwall
7,2023-09-20,19:45,Championship,Matchweek 7,Wed,Home,W,3.0,0.0,Rotherham Utd,1.5,0.4,62.0,12563.0,Jake Cooper,3-4-1-2,Geoff Eltringham,Match Report,,21,8,20.5,1.0,0,0,2023,Millwall
8,2023-09-23,15:00,Championship,Matchweek 8,Sat,Away,D,0.0,0.0,West Brom,1.0,1.4,38.0,22325.0,Jake Cooper,3-1-4-2,Tom Nield,Match Report,,6,1,15.6,0.0,0,1,2023,Millwall
9,2023-09-30,15:00,Championship,Matchweek 9,Sat,Home,L,0.0,3.0,Swansea City,1.5,1.2,50.0,14803.0,Jake Cooper,3-4-1-2,John Busby,Match Report,,22,5,18.8,1.0,0,0,2023,Millwall
10,2023-10-03,19:45,Championship,Matchweek 10,Tue,Away,W,2.0,0.0,Plymouth Argyle,1.1,0.8,35.0,15891.0,Jake Cooper,3-4-3,Oliver Langford,Match Report,,9,3,16.3,0.0,0,0,2023,Millwall
11,2023-10-07,15:00,Championship,Matchweek 11,Sat,Home,D,2.0,2.0,Hull City,1.2,1.1,47.0,15204.0,Jake Cooper,4-2-3-1,Tim Robinson,Match Report,,13,4,15.4,0.0,0,0,2023,Millwall
0,2023-08-05,15:00,Championship,Matchweek 1,Sat,Home,L,0.0,1.0,Millwall,0.8,1.2,68.0,29359.0,Darragh Lenihan,4-2-3-1,Gavin Ward,Match Report,,16,2,20.4,0.0,0,0,2023,Middlesbrough
2,2023-08-12,12:30,Championship,Matchweek 2,Sat,Away,L,0.0,3.0,Coventry City,1.3,0.9,50.0,24080.0,Darragh Lenihan,4-2-3-1,Dean Whitestone,Match Report,,14,2,18.8,1.0,0,0,2023,Middlesbrough
3,2023-08-19,15:00,Championship,Matchweek 3,Sat,Home,D,1.0,1.0,Huddersfield,2.0,1.2,59.0,26257.0,Jonny Howson,4-2-3-1,Joshua Smith,Match Report,,17,7,17.9,0.0,0,0,2023,Middlesbrough
4,2023-08-26,15:00,Championship,Matchweek 4,Sat,Away,L,2.0,4.0,West Brom,1.8,0.6,42.0,23691.0,Jonny Howson,4-2-3-1,Jeremy Simpson,Match Report,,14,4,18.4,0.0,1,1,2023,Middlesbrough
6,2023-09-02,15:00,Championship,Matchweek 5,Sat,Home,L,0.0,2.0,QPR,1.5,0.7,61.0,25671.0,Jonny Howson,4-2-3-1,Thomas Bramall,Match Report,,16,9,16.6,0.0,0,0,2023,Middlesbrough
7,2023-09-16,15:00,Championship,Matchweek 6,Sat,Away,L,1.0,2.0,Blackburn,2.5,2.9,46.0,16348.0,Jonny Howson,4-2-3-1,James Bell,Match Report,,21,6,15.7,0.0,0,0,2023,Middlesbrough
8,2023-09-19,20:00,Championship,Matchweek 7,Tue,Away,D,1.0,1.0,Sheffield Weds,0.7,1.3,61.0,22975.0,Darragh Lenihan,4-2-3-1,David Webb,Match Report,,10,3,17.8,1.0,0,0,2023,Middlesbrough
9,2023-09-23,15:00,Championship,Matchweek 8,Sat,Home,W,2.0,1.0,Southampton,3.0,1.4,51.0,26141.0,Jonny Howson,4-2-3-1,Tim Robinson,Match Report,,13,4,17.8,0.0,1,1,2023,Middlesbrough
11,2023-09-30,15:00,Championship,Matchweek 9,Sat,Away,W,3.0,2.0,Watford,1.3,1.3,45.0,18446.0,Jonny Howson,4-2-3-1,Oliver Langford,Match Report,,9,3,16.6,0.0,0,0,2023,Middlesbrough
12,2023-10-03,19:45,Championship,Matchweek 10,Tue,Home,W,2.0,0.0,Cardiff City,2.2,0.6,61.0,24276.0,Dael Fry,4-2-3-1,Andy Madley,Match Report,,11,5,14.6,0.0,0,0,2023,Middlesbrough
13,2023-10-07,12:30,Championship,Matchweek 11,Sat,Away,W,4.0,0.0,Sunderland,2.4,0.5,52.0,43584.0,Dael Fry,4-2-3-1,Jarred Gillett,Match Report,,19,7,14.9,0.0,0,0,2023,Middlesbrough
0,2023-08-05,15:00,Championship,Matchweek 1,Sat,Home,W,2.0,1.0,West Brom,1.6,0.8,58.0,16741.0,Lewis Travis,4-2-3-1,Dean Whitestone,Match Report,,12,3,12.9,0.0,0,0,2023,Blackburn Rovers
2,2023-08-12,15:00,Championship,Matchweek 2,Sat,Away,D,2.0,2.0,Rotherham Utd,2.6,0.7,76.0,10828.0,Lewis Travis,4-2-3-1,Robert Madley,Match Report,,20,6,16.5,0.0,0,1,2023,Blackburn Rovers
3,2023-08-19,15:00,Championship,Matchweek 3,Sat,Home,L,1.0,2.0,Hull City,1.6,2.1,42.0,13943.0,Lewis Travis,4-2-3-1,Oliver Langford,Match Report,,14,2,15.4,0.0,0,0,2023,Blackburn Rovers
4,2023-08-27,12:00,Championship,Matchweek 4,Sun,Away,W,1.0,0.0,Watford,0.4,1.4,35.0,17810.0,Lewis Travis,4-2-3-1,Gavin Ward,Match Report,,5,3,15.9,0.0,0,0,2023,Blackburn Rovers
6,2023-09-02,15:00,Championship,Matchweek 5,Sat,Away,L,0.0,3.0,Plymouth Argyle,1.8,1.3,58.0,16067.0,Lewis Travis,4-2-3-1,Stephen Martin,Match Report,,20,4,17.3,0.0,0,0,2023,Blackburn Rovers
7,2023-09-16,15:00,Championship,Matchweek 6,Sat,Home,W,2.0,1.0,Middlesbrough,2.9,2.5,54.0,16348.0,Lewis Travis,4-2-3-1,James Bell,Match Report,,15,8,17.2,0.0,0,0,2023,Blackburn Rovers
8,2023-09-20,19:45,Championship,Matchweek 7,Wed,Home,L,1.0,3.0,Sunderland,2.8,1.6,58.0,15621.0,Lewis Travis,4-2-3-1,John Busby,Match Report,,22,5,14.3,0.0,0,0,2023,Blackburn Rovers
9,2023-09-23,15:00,Championship,Matchweek 8,Sat,Away,L,3.0,4.0,Ipswich Town,0.9,2.9,60.0,28792.0,Lewis Travis,4-2-3-1,Keith Stroud,Match Report,,10,5,18.4,0.0,0,0,2023,Blackburn Rovers
11,2023-10-01,12:00,Championship,Matchweek 9,Sun,Home,L,1.0,4.0,Leicester City,1.4,1.8,48.0,15937.0,Lewis Travis,4-2-3-1,James Linington,Match Report,,15,4,16.8,1.0,0,0,2023,Blackburn Rovers
12,2023-10-04,19:45,Championship,Matchweek 10,Wed,Away,L,0.0,1.0,Coventry City,0.7,1.2,66.0,22370.0,Dominic Hyam,4-1-4-1,Jeremy Simpson,Match Report,,14,4,16.4,0.0,0,0,2023,Blackburn Rovers
13,2023-10-07,15:00,Championship,Matchweek 11,Sat,Away,W,4.0,0.0,QPR,2.3,1.1,52.0,15376.0,Dominic Hyam,4-1-4-1,Joshua Smith,Match Report,,17,7,17.3,0.0,0,0,2023,Blackburn Rovers
0,2023-08-05,15:00,Championship,Matchweek 1,Sat,Home,W,3.0,1.0,Huddersfield,2.4,2.0,52.0,16446.0,Joe Edwards,4-3-3,Matt Donohue,Match Report,,14,7,18.8,1.0,0,0,2023,Plymouth Argyle
2,2023-08-12,15:00,Championship,Matchweek 2,Sat,Away,D,0.0,0.0,Watford,1.0,1.2,37.0,19446.0,Joe Edwards,4-3-3,Geoff Eltringham,Match Report,,13,5,20.4,0.0,0,0,2023,Plymouth Argyle
3,2023-08-19,12:30,Championship,Matchweek 3,Sat,Home,L,1.0,2.0,Southampton,1.4,2.0,38.0,16392.0,Joe Edwards,4-3-3,David Webb,Match Report,,15,2,18.8,0.0,0,0,2023,Plymouth Argyle
4,2023-08-26,15:00,Championship,Matchweek 4,Sat,Away,L,1.0,2.0,Birmingham City,1.6,2.2,63.0,20685.0,Joe Edwards,4-3-3,John Busby,Match Report,,16,7,16.6,1.0,0,0,2023,Plymouth Argyle
6,2023-09-02,15:00,Championship,Matchweek 5,Sat,Home,W,3.0,0.0,Blackburn,1.3,1.8,42.0,16067.0,Joe Edwards,4-3-3,Stephen Martin,Match Report,,23,9,19.7,0.0,0,0,2023,Plymouth Argyle
7,2023-09-16,15:00,Championship,Matchweek 6,Sat,Away,L,1.0,2.0,Preston,1.8,1.7,66.0,17542.0,Jordan Houghton,4-3-3,Gavin Ward,Match Report,,17,6,18.2,0.0,0,0,2023,Plymouth Argyle
8,2023-09-19,19:45,Championship,Matchweek 7,Tue,Away,L,1.0,4.0,Bristol City,0.6,1.6,56.0,23017.0,Joe Edwards,4-3-3,Matt Donohue,Match Report,,6,2,18.1,0.0,0,0,2023,Plymouth Argyle
9,2023-09-23,15:00,Championship,Matchweek 8,Sat,Home,W,6.0,2.0,Norwich City,3.2,1.9,31.0,16469.0,Joe Edwards,3-4-3,Andrew Kitchen,Match Report,,16,10,14.6,0.0,0,0,2023,Plymouth Argyle
10,2023-09-30,15:00,Championship,Matchweek 9,Sat,Away,D,1.0,1.0,Hull City,0.8,1.7,34.0,20312.0,Joe Edwards,3-4-3,David Webb,Match Report,,11,5,18.9,0.0,0,0,2023,Plymouth Argyle
11,2023-10-03,19:45,Championship,Matchweek 10,Tue,Home,L,0.0,2.0,Millwall,0.8,1.1,65.0,15891.0,Jordan Houghton,4-3-3,Oliver Langford,Match Report,,21,6,22.5,1.0,0,0,2023,Plymouth Argyle
12,2023-10-07,15:00,Championship,Matchweek 11,Sat,Home,L,1.0,3.0,Swansea City,1.3,2.1,49.0,16463.0,Joe Edwards,3-4-3,Lewis Smith,Match Report,,16,7,17.2,0.0,0,0,2023,Plymouth Argyle
0,2023-08-05,15:00,Championship,Matchweek 1,Sat,Away,L,1.0,3.0,Plymouth Argyle,2.0,2.4,48.0,16446.0,Michał Helik,4-2-3-1,Matt Donohue,Match Report,,15,3,16.2,1.0,0,0,2023,Huddersfield Town
2,2023-08-12,15:00,Championship,Matchweek 2,Sat,Home,L,0.0,1.0,Leicester City,1.2,1.4,31.0,19541.0,Jonathan Hogg,4-2-3-1,David Webb,Match Report,,13,3,18.1,2.0,0,0,2023,Huddersfield Town
3,2023-08-19,15:00,Championship,Matchweek 3,Sat,Away,D,1.0,1.0,Middlesbrough,1.2,2.0,41.0,26257.0,Jonathan Hogg,4-2-3-1,Joshua Smith,Match Report,,16,2,14.0,0.0,0,0,2023,Huddersfield Town
4,2023-08-26,15:00,Championship,Matchweek 4,Sat,Home,L,0.0,4.0,Norwich City,1.0,2.5,44.0,18708.0,Jonathan Hogg,4-2-3-1,Dean Whitestone,Match Report,,18,5,18.9,0.0,0,0,2023,Huddersfield Town
5,2023-09-02,15:00,Championship,Matchweek 5,Sat,Away,W,2.0,1.0,West Brom,0.9,1.1,38.0,23094.0,Jonathan Hogg,4-2-3-1,James Linington,Match Report,,14,4,17.6,1.0,0,0,2023,Huddersfield Town
6,2023-09-16,15:00,Championship,Matchweek 6,Sat,Home,W,2.0,0.0,Rotherham Utd,2.1,0.4,47.0,19050.0,Jonathan Hogg,3-5-2,Jeremy Simpson,Match Report,,15,5,18.4,0.0,0,0,2023,Huddersfield Town
7,2023-09-20,19:45,Championship,Matchweek 7,Wed,Home,D,2.0,2.0,Stoke City,1.0,2.3,35.0,18791.0,Michał Helik,4-3-3,Darren Bond,Match Report,,10,6,17.4,0.0,0,0,2023,Huddersfield Town
8,2023-09-25,20:00,Championship,Matchweek 8,Mon,Away,D,1.0,1.0,Coventry City,0.7,2.0,41.0,22257.0,Jonathan Hogg,3-5-2,Oliver Langford,Match Report,,10,4,17.2,1.0,0,0,2023,Huddersfield Town
9,2023-09-30,15:00,Championship,Matchweek 9,Sat,Home,D,1.0,1.0,Ipswich Town,1.2,1.3,40.0,20000.0,Jonathan Hogg,3-5-2,Geoff Eltringham,Match Report,,12,6,20.2,1.0,0,0,2023,Huddersfield Town
10,2023-10-03,19:45,Championship,Matchweek 10,Tue,Away,L,1.0,4.0,Birmingham City,2.1,1.7,43.0,15944.0,Michał Helik,3-5-2,Samuel Allison,Match Report,,17,4,18.6,1.0,0,0,2023,Huddersfield Town
11,2023-10-07,15:00,Championship,Matchweek 11,Sat,Away,D,0.0,0.0,Sheffield Weds,0.7,0.6,55.0,26025.0,Jonathan Hogg,3-4-1-2,Matt Donohue,Match Report,,7,0,20.4,1.0,0,0,2023,Huddersfield Town
0,2023-08-05,15:00,Championship,Matchweek 1,Sat,Home,W,4,0,QPR,2.9,0.4,70.0,20087.0,Daniel Bachmann,4-3-3,Thomas Bramall,Match Report,,24,13,17.7,1.0,0,0,2023,Watford
2,2023-08-12,15:00,Championship,Matchweek 2,Sat,Home,D,0,0,Plymouth Argyle,1.2,1.0,63.0,19446.0,Daniel Bachmann,4-3-3,Geoff Eltringham,Match Report,,21,3,19.3,1.0,0,0,2023,Watford
3,2023-08-19,15:00,Championship,Matchweek 3,Sat,Away,L,0,1,Stoke City,0.7,0.9,58.0,21183.0,Daniel Bachmann,4-3-3,James Bell,Match Report,,10,3,20.1,0.0,0,0,2023,Watford
4,2023-08-27,12:00,Championship,Matchweek 4,Sun,Home,L,0,1,Blackburn,1.4,0.4,65.0,17810.0,Daniel Bachmann,4-3-3,Gavin Ward,Match Report,,24,4,21.3,1.0,0,0,2023,Watford
5,2023-09-02,15:00,Championship,Matchweek 5,Sat,Away,D,3,3,Coventry City,1.4,2.2,46.0,24539.0,Daniel Bachmann,4-3-3,David Webb,Match Report,,14,5,18.6,1.0,0,0,2023,Watford
6,2023-09-16,15:00,Championship,Matchweek 6,Sat,Home,W,2,0,Birmingham City,0.4,0.8,68.0,18932.0,Daniel Bachmann,4-3-3,Keith Stroud,Match Report,,12,4,22.8,2.0,0,0,2023,Watford
7,2023-09-20,19:45,Championship,Matchweek 7,Wed,Home,D,2,2,West Brom,0.9,0.6,63.0,16742.0,Daniel Bachmann,4-3-3,Leigh Doughty,Match Report,,12,4,17.9,0.0,0,0,2023,Watford
8,2023-09-23,15:00,Championship,Matchweek 8,Sat,Away,L,0,3,Leeds United,0.2,2.6,41.0,36236.0,Daniel Bachmann,4-3-3,Jeremy Simpson,Match Report,,4,1,23.6,0.0,0,0,2023,Watford
9,2023-09-30,15:00,Championship,Matchweek 9,Sat,Home,L,2,3,Middlesbrough,1.3,1.3,55.0,18446.0,Daniel Bachmann,3-4-3,Oliver Langford,Match Report,,17,4,15.6,0.0,0,0,2023,Watford
10,2023-10-04,19:45,Championship,Matchweek 10,Wed,Away,L,0,2,Sunderland,0.4,1.2,42.0,38120.0,Daniel Bachmann,4-3-3,Andrew Davies,Match Report,,11,4,23.8,0.0,0,0,2023,Watford
11,2023-10-07,15:00,Championship,Matchweek 11,Sat,Away,D,1,1,Cardiff City,2.0,0.7,56.0,19804.0,Daniel Bachmann,4-3-3,Gavin Ward,Match Report,,8,1,18.0,0.0,0,0,2023,Watford
0,2023-08-05,15:00,Championship,Matchweek 1,Sat,Home,W,4.0,1.0,Rotherham Utd,2.4,0.9,70.0,22601.0,Josh Laurent,4-2-3-1,John Busby,Match Report,,15,6,14.0,1.0,0,0,2023,Stoke City
2,2023-08-12,15:00,Championship,Matchweek 2,Sat,Away,L,0.0,2.0,Ipswich Town,0.6,2.0,56.0,29006.0,Josh Laurent,4-2-3-1,Joshua Smith,Match Report,,9,2,18.4,0.0,0,0,2023,Stoke City
3,2023-08-19,15:00,Championship,Matchweek 3,Sat,Home,W,1.0,0.0,Watford,0.9,0.7,42.0,21183.0,Josh Laurent,3-5-2,James Bell,Match Report,,13,2,18.7,1.0,0,0,2023,Stoke City
4,2023-08-26,15:00,Championship,Matchweek 4,Sat,Away,L,0.0,1.0,Millwall,1.6,1.0,66.0,15254.0,Josh Laurent,3-5-2,David Webb,Match Report,,19,2,18.8,0.0,0,0,2023,Stoke City
6,2023-09-02,15:00,Championship,Matchweek 5,Sat,Home,L,0.0,2.0,Preston,1.4,1.9,69.0,22957.0,Josh Laurent,4-2-3-1,Matt Donohue,Match Report,,17,1,17.5,2.0,0,0,2023,Stoke City
7,2023-09-16,15:00,Championship,Matchweek 6,Sat,Away,L,0.0,1.0,Norwich City,1.2,1.2,55.0,25816.0,Josh Laurent,4-1-4-1,Oliver Langford,Match Report,,13,2,13.7,0.0,0,0,2023,Stoke City
8,2023-09-20,19:45,Championship,Matchweek 7,Wed,Away,D,2.0,2.0,Huddersfield,2.3,1.0,65.0,18791.0,Josh Laurent,3-5-2,Darren Bond,Match Report,,18,3,14.5,0.0,0,0,2023,Stoke City
9,2023-09-24,12:00,Championship,Matchweek 8,Sun,Home,L,1.0,3.0,Hull City,0.6,1.3,50.0,21142.0,Josh Laurent,5-3-2,Thomas Bramall,Match Report,,10,6,20.1,2.0,0,0,2023,Stoke City
11,2023-09-30,15:00,Championship,Matchweek 9,Sat,Away,W,3.0,2.0,Bristol City,1.0,1.3,47.0,21117.0,Josh Laurent,4-3-3,Jeremy Simpson,Match Report,,6,4,17.6,0.0,0,0,2023,Stoke City
12,2023-10-03,20:00,Championship,Matchweek 10,Tue,Home,L,0.0,1.0,Southampton,0.7,0.9,43.0,20002.0,Josh Laurent,4-1-2-1-2◆,James Bell,Match Report,,15,2,19.1,0.0,0,0,2023,Stoke City
13,2023-10-07,15:00,Championship,Matchweek 11,Sat,Away,L,0.0,2.0,Leicester City,0.2,2.4,27.0,31589.0,Josh Laurent,4-4-2,Geoff Eltringham,Match Report,,2,1,9.0,0.0,0,0,2023,Stoke City
0,2023-08-05,15:00,Championship,Matchweek 1,Sat,Away,L,0.0,4.0,Watford,0.4,2.9,30.0,20087.0,Asmir Begović,4-2-3-1,Thomas Bramall,Match Report,,4,1,16.9,0.0,0,0,2023,Queens Park Rangers
1,2023-08-12,15:00,Championship,Matchweek 2,Sat,Away,W,2.0,1.0,Cardiff City,1.3,2.0,36.0,21230.0,Asmir Begović,4-2-3-1,Oliver Langford,Match Report,,7,3,17.8,0.0,0,0,2023,Queens Park Rangers
3,2023-08-19,15:00,Championship,Matchweek 3,Sat,Home,L,0.0,1.0,Ipswich Town,0.9,1.3,39.0,16790.0,Asmir Begović,3-4-3,Geoff Eltringham,Match Report,,10,4,17.9,0.0,0,0,2023,Queens Park Rangers
4,2023-08-26,15:00,Championship,Matchweek 4,Sat,Away,L,1.0,2.0,Southampton,0.6,0.4,27.0,30401.0,Asmir Begović,5-4-1,James Bell,Match Report,,11,5,16.9,0.0,0,0,2023,Queens Park Rangers
5,2023-09-02,15:00,Championship,Matchweek 5,Sat,Away,W,2.0,0.0,Middlesbrough,0.7,1.5,39.0,25671.0,Asmir Begović,3-4-3,Thomas Bramall,Match Report,,11,3,17.5,0.0,0,0,2023,Queens Park Rangers
6,2023-09-16,15:00,Championship,Matchweek 6,Sat,Home,L,1.0,3.0,Sunderland,0.3,2.8,29.0,16383.0,Asmir Begović,3-4-3,Dean Whitestone,Match Report,,5,3,19.3,0.0,0,0,2023,Queens Park Rangers
7,2023-09-19,19:45,Championship,Matchweek 7,Tue,Home,D,1.0,1.0,Swansea City,1.0,0.6,50.0,13367.0,Asmir Begović,3-4-3,Andrew Kitchen,Match Report,,11,3,16.9,0.0,0,0,2023,Queens Park Rangers
8,2023-09-22,20:00,Championship,Matchweek 8,Fri,Away,D,0.0,0.0,Birmingham City,1.0,1.1,46.0,19803.0,Asmir Begović,3-4-3,Matt Donohue,Match Report,,8,4,13.1,1.0,0,0,2023,Queens Park Rangers
9,2023-09-30,15:00,Championship,Matchweek 9,Sat,Home,L,1.0,3.0,Coventry City,1.0,1.5,52.0,16293.0,Asmir Begović,3-4-3,Tom Nield,Match Report,,12,3,17.9,0.0,0,0,2023,Queens Park Rangers
10,2023-10-04,19:45,Championship,Matchweek 10,Wed,Away,L,0.0,1.0,Leeds United,0.3,2.0,35.0,32663.0,Asmir Begović,3-4-3,David Webb,Match Report,,5,2,17.5,0.0,0,0,2023,Queens Park Rangers
11,2023-10-07,15:00,Championship,Matchweek 11,Sat,Home,L,0.0,4.0,Blackburn,1.1,2.3,48.0,15376.0,Asmir Begović,4-3-1-2,Joshua Smith,Match Report,,21,6,18.9,0.0,0,0,2023,Queens Park Rangers
0,2023-08-05,15:00,Championship,Matchweek 1,Sat,Away,L,1,4,Stoke City,0.9,2.4,30.0,22601.0,Sean Morrison,3-4-3,John Busby,Match Report,,6,3,18.5,0.0,0,0,2023,Rotherham United
2,2023-08-12,15:00,Championship,Matchweek 2,Sat,Home,D,2,2,Blackburn,0.7,2.6,24.0,10828.0,Oliver Rathbone,4-3-3,Robert Madley,Match Report,,9,3,19.0,2.0,0,0,2023,Rotherham United
3,2023-08-19,15:00,Championship,Matchweek 3,Sat,Away,L,1,2,Sunderland,0.6,1.4,33.0,40688.0,Oliver Rathbone,4-3-3,Gavin Ward,Match Report,,4,1,11.8,0.0,0,0,2023,Rotherham United
4,2023-08-26,15:00,Championship,Matchweek 4,Sat,Home,L,1,2,Leicester City,0.6,1.4,37.0,11418.0,Oliver Rathbone,4-3-3,Simon Hooper,Match Report,,8,1,14.1,0.0,0,0,2023,Rotherham United
6,2023-09-02,15:00,Championship,Matchweek 5,Sat,Home,W,2,1,Norwich City,0.6,1.5,38.0,11016.0,Oliver Rathbone,4-3-3,Samuel Barrott,Match Report,,9,3,18.5,0.0,0,0,2023,Rotherham United
7,2023-09-16,15:00,Championship,Matchweek 6,Sat,Away,L,0,2,Huddersfield,0.4,2.1,53.0,19050.0,Oliver Rathbone,4-3-3,Jeremy Simpson,Match Report,,7,3,19.8,1.0,0,0,2023,Rotherham United
8,2023-09-20,19:45,Championship,Matchweek 7,Wed,Away,L,0,3,Millwall,0.4,1.5,38.0,12563.0,Oliver Rathbone,3-5-2,Geoff Eltringham,Match Report,,5,1,14.8,0.0,0,0,2023,Rotherham United
9,2023-09-23,15:00,Championship,Matchweek 8,Sat,Home,D,1,1,Preston,0.1,1.8,43.0,11434.0,Oliver Rathbone,4-3-3,Samuel Allison,Match Report,,3,1,20.6,0.0,0,0,2023,Rotherham United
10,2023-09-30,15:00,Championship,Matchweek 9,Sat,Away,L,0,2,Cardiff City,0.6,1.2,33.0,20136.0,Oliver Rathbone,5-3-2,Leigh Doughty,Match Report,,7,0,16.5,1.0,0,0,2023,Rotherham United
11,2023-10-04,20:00,Championship,Matchweek 10,Wed,Home,L,1,2,Bristol City,1.3,1.1,42.0,9221.0,Oliver Rathbone,4-3-3,Dean Whitestone,Match Report,,8,1,17.2,1.0,0,0,2023,Rotherham United
12,2023-10-07,15:00,Championship,Matchweek 11,Sat,Away,D,1,1,Southampton,0.1,3.1,20.0,28404.0,Oliver Rathbone,4-5-1,John Busby,Match Report,,4,2,24.6,0.0,0,0,2023,Rotherham United
0,2023-08-04,20:00,Championship,Matchweek 1,Fri,Home,L,1,2,Southampton,0.5,1.4,20.0,28558.0,Barry Bannan,4-2-3-1,Robert Madley,Match Report,,8,1,17.1,0.0,0,0,2023,Sheffield Wednesday
2,2023-08-12,15:00,Championship,Matchweek 2,Sat,Away,L,2,4,Hull City,0.5,2.0,28.0,20410.0,Barry Bannan,4-4-2,Matt Donohue,Match Report,,5,2,18.7,0.0,0,0,2023,Sheffield Wednesday
3,2023-08-19,15:00,Championship,Matchweek 3,Sat,Home,L,0,1,Preston,0.5,0.4,53.0,25138.0,Barry Bannan,4-2-3-1,Jeremy Simpson,Match Report,,8,3,18.8,0.0,0,0,2023,Sheffield Wednesday
4,2023-08-26,15:00,Championship,Matchweek 4,Sat,Away,L,1,2,Cardiff City,0.8,1.9,42.0,21058.0,Barry Bannan,5-4-1,Darren Bond,Match Report,,12,2,15.8,0.0,0,0,2023,Sheffield Wednesday
6,2023-09-02,15:00,Championship,Matchweek 5,Sat,Away,D,0,0,Leeds United,0.9,1.2,34.0,36484.0,Barry Bannan,5-4-1,Dean Whitestone,Match Report,,11,5,18.2,0.0,0,0,2023,Sheffield Wednesday
7,2023-09-16,15:00,Championship,Matchweek 6,Sat,Home,L,0,1,Ipswich Town,0.5,1.8,48.0,25938.0,Liam Palmer,5-4-1,James Linington,Match Report,,6,0,19.1,1.0,0,0,2023,Sheffield Wednesday
8,2023-09-19,20:00,Championship,Matchweek 7,Tue,Home,D,1,1,Middlesbrough,1.3,0.7,39.0,22975.0,Barry Bannan,3-4-3,David Webb,Match Report,,9,2,20.2,0.0,0,0,2023,Sheffield Wednesday
9,2023-09-23,15:00,Championship,Matchweek 8,Sat,Away,L,0,3,Swansea City,0.7,2.0,43.0,16865.0,Barry Bannan,3-4-3,Anthony Backhouse,Match Report,,10,1,14.2,0.0,0,0,2023,Sheffield Wednesday
10,2023-09-29,20:00,Championship,Matchweek 9,Fri,Home,L,0,3,Sunderland,0.5,1.6,32.0,25987.0,George Byers,3-4-3,Samuel Barrott,Match Report,,8,2,17.3,0.0,0,0,2023,Sheffield Wednesday
11,2023-10-03,20:00,Championship,Matchweek 10,Tue,Away,L,0,1,West Brom,0.2,1.2,28.0,22558.0,Liam Palmer,4-4-2,John Busby,Match Report,,4,2,23.0,0.0,0,0,2023,Sheffield Wednesday
12,2023-10-07,15:00,Championship,Matchweek 11,Sat,Home,D,0,0,Huddersfield,0.6,0.7,45.0,26025.0,Liam Palmer,3-4-1-2,Matt Donohue,Match Report,,5,1,14.8,0.0,0,0,2023,Sheffield Wednesday
